{
  "friedman": {
    "Q1": {
      "interfaces": [
        "C",
        "D",
        "D1",
        "Y",
        "Y1"
      ],
      "statistic": 7.5675675675675675,
      "p_value": 0.1087664926615437,
      "n": 2
    },
    "Q2": {
      "interfaces": [
        "C",
        "D",
        "D1",
        "Y",
        "Y1"
      ],
      "statistic": 6.105263157894742,
      "p_value": 0.19142386212012336,
      "n": 2
    },
    "Q3": {
      "interfaces": [
        "C",
        "D",
        "D1",
        "Y",
        "Y1"
      ],
      "statistic": 4.105263157894743,
      "p_value": 0.3919474330416321,
      "n": 2
    },
    "Q4": {
      "interfaces": [
        "C",
        "D",
        "D1",
        "Y",
        "Y1"
      ],
      "statistic": 7.15789473684211,
      "p_value": 0.12777578523024388,
      "n": 2
    }
  },
  "pairwise_wilcoxon": {}
}